category,network,plan_name,type,service_id,user_price,reseller_price,api_user_price,validity,unit_type,status
Airtime Pins,MTN,₦100,PIN,1,%1,%1,%1.3,NA,percent,active
Airtime Pins,MTN,₦200,PIN,1,%1,%1,%1.3,NA,percent,active
Airtime Pins,MTN,₦500,PIN,1,%1,%1,%1.3,NA,percent,active
Airtime Pins,MTN,₦1000,PIN,1,%1,%1,%1.3,NA,percent,active
Airtime Pins,AIRTEL,₦100,PIN,2,%1,%1,%1.3,NA,percent,active
Airtime Pins,AIRTEL,₦200,PIN,2,%1,%1,%1.3,NA,percent,active
Airtime Pins,AIRTEL,₦500,PIN,2,%1,%1,%1.3,NA,percent,active
Airtime Pins,GLO,₦100,PIN,3,%1,%1,%1.3,NA,percent,active
Airtime Pins,GLO,₦200,PIN,3,%1,%1,%1.3,NA,percent,active
Airtime Pins,GLO,₦500,PIN,3,%1,%1,%1.3,NA,percent,active
Airtime Pins,9MOBILE,₦100,PIN,4,%1,%1,%1.3,NA,percent,active
Airtime Pins,9MOBILE,₦200,PIN,4,%1,%1,%1.3,NA,percent,active