category,network,plan_name,type,service_id,user_price,reseller_price,api_user_price,validity,unit_type,status
Cable,dstv,dstv padi,,90,3700,3700,3700,,naira,active
Cable,dstv,dstv yanga,,91,5200,5200,5200,,naira,active
Cable,dstv,dstv confam,,92,9500,9500,9500,,naira,active
Cable,dstv,dstv compact,,93,15800,15800,15800,,naira,active
Cable,dstv,dstv compact plus,,105,25200,25200,25200,,naira,active
Cable,dstv,dstv premium,,106,37200,37200,37200,,naira,active
Cable,gotv,gotv smallie,,94,1650,1650,1650,,naira,active
Cable,gotv,gotv smallie quaterly,,98,4300,4300,4300,,naira,active
Cable,gotv,gotv smallie yearly,,99,12400,12400,12350,,naira,active
Cable,gotv,gotv jolli,,96,5000,5000,5000,,naira,active
Cable,gotv,gotv jinja,,97,3450,3450,3450,,naira,active
Cable,gotv,gotv max,,95,7300,7300,7300,,naira,active
Cable,gotv,gotv supa,,112,9750,9750,9750,,naira,active
Cable,startimes,startimes nova,,100,1800,1800,1800,,naira,active
Cable,startimes,startimes basic,,101,3150,3150,3150,,naira,active
Cable,startimes,startimes smart,,102,4000,4000,4000,,naira,active
Cable,startimes,startimes super,,104,7600,7600,7600,,naira,active