category,network,plan_name,type,service_id,user_price,reseller_price,api_user_price,validity,unit_type,status
Datacard,MTN,750MB,CG,1,200,200,200,30 Days,naira,active
Datacard,MTN,1.5GB,CG,2,330,330,330,30 Days,naira,active
Datacard,MTN,500MB,SME,3,150,130,130,30 Days,naira,active
Datacard,MTN,1GB,SME,4,250,250,250,30 Days,naira,active
Datacard,MTN,2GB,SME,5,500,500,500,30 Days,naira,active
Datacard,MTN,3GB,SME,6,710,710,710,30 Days,naira,active
Datacard,MTN,5GB,SME,7,2200,2200,2200,30 Days,naira,active
Datacard,MTN,10GB,SME,8,2400,2400,2400,30 Days,naira,active