category,network,plan_name,type,service_id,user_price,reseller_price,api_user_price,validity,unit_type,status
Electricity,IKEDC,Ikeja Electricity,,1,%1,%1,%1,,percent,active
Electricity,EKEDC,Eko Electricity,,2,%1,%1,%1,,percent,active
Electricity,KEDCO,Kano Electricity,,3,%1,%1,%1,,percent,active
Electricity,PHED,Port Harcourt Electricity,,4,%1,%1,%1,,percent,active
Electricity,JED,Jos Electricity,,5,%1,%1,%1,,percent,active
Electricity,IBEDC,Ibadan Electricity,,6,%1,%1,%1,,percent,active
Electricity,KAEDCO,Kaduna Electricity,,7,%1,%1,%1,,percent,active
Electricity,AEDC,Abuja Electricity,,8,%1,%1,%1,,percent,active
Electricity,EEDC,Enugu Electricity,,9,%1,%1,%1,,percent,active