category,network,plan_name,type,service_id,user_price,reseller_price,api_user_price,validity,unit_type,status
Buy Data,MTN,500MB,CG,15,160.00,160.00,160.00,30 Days,naira,active
Buy Data,MTN,1GB,CG,16,270.00,268.00,260.00,30 Days,naira,active
Buy Data,MTN,2GB,CG,17,560.00,558.00,530.00,30 Days,naira,active
Buy Data,MTN,5GB,CG,18,1410.00,1405.00,1325.00,30 Days,naira,active
Buy Data,MTN,10GB,CG,19,2750.00,2745.00,2650.00,30 Days,naira,active
Buy Data,MTN,20GB,CG,190,5570.00,5570.00,5300.00,30 Days,naira,active
Buy Data,MTN,230MB 1DAYS,DIRECT,196,220.00,219.00,218.00,30 Days,naira,active
Buy Data,MTN,500MB 7DAYS,DIRECT,491,510.00,509.00,508.00,30 Days,naira,active
Buy Data,MTN,1.0GB 1DAYS,DIRECT,652,520.00,519.00,518.00,30 Days,naira,active
Buy Data,MTN,1.0GB 7DAYS + 25MIN,DIRECT,786,795.00,794.00,793.00,30 Days,naira,active
Buy Data,MTN,2.0GB 30DAYS + 2MIN,DIRECT,716,1500.00,1499.00,1498.00,30 Days,naira,active
Buy Data,MTN,3.2GB 2DAYS,DIRECT,434,1100.00,1099.00,1098.00,30 Days,naira,active
Buy Data,MTN,3.5GB 30DAYS,DIRECT,159,2500.00,2499.00,2498.00,30 Days,naira,active
Buy Data,MTN,6.0GB 7DAYS,DIRECT,027,2600.00,2599.00,2598.00,30 Days,naira,active
Buy Data,MTN,7.0GB 30DAYS + 2GB,DIRECT,098,3480.00,3479.00,3478.00,30 Days,naira,active
Buy Data,MTN,11.0GB 7DAYS,DIRECT,003,3600.00,3599.00,3598.00,30 Days,naira,active
Buy Data,MTN,75.0GB 30DAYS,DIRECT,023,20100.00,20099.00,20098.00,30 Days,naira,active
Buy Data,MTN,1.0GB,SME2,991,100.00,99.00,98.00,30 Days,naira,active
Buy Data,MTN,500MB,SME,590,460.00,459.00,458.00,30 Days,naira,active
Buy Data,MTN,1.0GB,SME,647,670.00,669.00,668.00,30 Days,naira,active
Buy Data,MTN,2.0GB,SME,096,1300.00,1299.00,1298.00,30 Days,naira,active
Buy Data,MTN,3.0GB,SME,607,2000.00,1999.00,1998.00,30 Days,naira,active
Buy Data,MTN,5.0GB,SME,372,2600.00,2599.00,2598.00,30 Days,naira,active
Buy Data,GLO,1.05GB,DIRECT,20,500.00,500.00,500.00,30 Days,naira,active
Buy Data,GLO,2.5GB,DIRECT,21,980.00,980.00,980.00,30 Days,naira,active
Buy Data,GLO,4.1GB,DIRECT,22,2300.00,2300.00,2300.00,30 Days,naira,active
Buy Data,GLO,7.7GB,DIRECT,23,1910.00,1910.00,1910.00,30 Days,naira,active
Buy Data,GLO,10.0GB,DIRECT,24,2400.00,2400.00,2400.00,30 Days,naira,active
Buy Data,GLO,200MB 14Days,CG,655,100.00,99.00,98.00,30 Days,naira,active
Buy Data,GLO,500MB 30Days,CG,819,230.00,229.00,228.00,30 Days,naira,active
Buy Data,GLO,1.0GB 30Days,CG,468,460.00,459.00,458.00,30 Days,naira,active
Buy Data,GLO,2.0GB 30Days,CG,983,950.00,949.00,948.00,30 Days,naira,active
Buy Data,GLO,3.0GB 30Days,CG,653,1380.00,1379.00,1378.00,30 Days,naira,active
Buy Data,GLO,5.0GB 30Days,CG,793,2280.00,2279.00,2278.00,30 Days,naira,active
Buy Data,GLO,10.0GB 30Days,CG,998,4600.00,4599.00,4598.00,30 Days,naira,active
Buy Data,AIRTEL,750MB,DIRECT,47,1250.00,1250.00,1250.00,30 Days,naira,active
Buy Data,AIRTEL,1.5GB,DIRECT,485,1650.00,1650.00,1560.00,30 Days,naira,active
Buy Data,AIRTEL,2GB,DIRECT,46,1750.00,1790.00,1780.00,30 Days,naira,active
Buy Data,AIRTEL,3GB,DIRECT,39,2560.00,2880.00,2780.00,30 Days,naira,active
Buy Data,AIRTEL,20GB,DIRECT,52,4700.00,5670.00,5700.00,30 Days,naira,active
Buy Data,9mobile,500MB,DIRECT,30,450.00,450.00,450.00,30 Days,naira,active
Buy Data,9mobile,1.5GB,DIRECT,31,855.00,855.00,855.00,30 Days,naira,active
Buy Data,9mobile,2GB,DIRECT,32,1000.00,1000.00,1000.00,30 Days,naira,active
Buy Data,9mobile,4.5GB,DIRECT,33,1700.00,1700.00,1700.00,30 Days,naira,active
Buy Data,9mobile,11GB,DIRECT,34,3520.00,3520.00,3520.00,30 Days,naira,active
Buy Data,9mobile,1GB,SME,54,87.00,48.00,78.00,30 Days,naira,active
Buy Data,9mobile,2GB,SME,55,88.00,88.00,88.00,30 Days,naira,active
Buy Data,9mobile,3GB,SME,56,48.00,58.00,87.00,30 Days,naira,active
Buy Data,9mobile,5GB,SME,57,48.00,48.00,18.00,30 Days,naira,active
Buy Data,9mobile,10GB,SME,58,848.00,48.00,18.00,30 Days,naira,active
Buy Data,9mobile,25MB 30Days,CG,936,40.00,39.00,38.00,30 Days,naira,active
Buy Data,9mobile,100MB 30Days,CG,927,70.00,69.00,68.00,30 Days,naira,active
Buy Data,9mobile,500MB 30Days,CG,197,156.00,155.00,154.00,30 Days,naira,active
Buy Data,9mobile,1.0GB 30Days,CG,761,293.00,292.00,291.00,30 Days,naira,active
Buy Data,9mobile,1.5GB 30Days,CG,426,459.00,458.00,457.00,30 Days,naira,active
Buy Data,9mobile,2.0GB 30Days,CG,012,596.00,595.00,594.00,30 Days,naira,active
Buy Data,9mobile,3.0GB 30Days,CG,533,870.00,869.00,868.00,30 Days,naira,active
Buy Data,9mobile,4.0GB 30Days,CG,223,1160.00,1159.00,1158.00,30 Days,naira,active
Buy Data,9mobile,5.0GB 30Days,CG,497,1500.00,1499.00,1498.00,30 Days,naira,active
Buy Data,9mobile,10.0GB 30Days,CG,097,2900.00,2899.00,2898.00,30 Days,naira,active
Buy Data,9mobile,15.0GB 30Days,CG,965,4300.00,4299.00,4298.00,30 Days,naira,active
Buy Data,9mobile,20.0GB 30Days,CG,075,5700.00,5699.00,5698.00,30 Days,naira,active