category,network,plan_name,type,service_id,user_price,reseller_price,api_user_price,validity,unit_type,status
Buy Data,MTN,500MB,CG,15,160.00,160.00,160.00,30 Days,naira,active
Buy Data,MTN,1GB,CG,16,270.00,268.00,260.00,30 Days,naira,active
Buy Data,MTN,2GB,CG,17,560.00,558.00,530.00,30 Days,naira,active
Buy Data,GLO,1.05GB,DIRECT,20,500.00,500.00,500.00,30 Days,naira,active
Buy Data,AIRTEL,750MB,DIRECT,47,1250.00,1250.00,1250.00,30 Days,naira,active
Buy Data,9mobile,500MB,DIRECT,30,450.00,450.00,450.00,30 Days,naira,active